{"cameraMode":{"drawMode":0,"name":"Shaded","section":"Shading Mode"},"sceneLighting":false,"audioPlay":false,"sceneViewState":{"m_AlwaysRefresh":false,"showFog":true,"showSkybox":false,"showFlares":true,"showImageEffects":true,"showParticleSystems":true,"showVisualEffectGraphs":true,"m_FxEnabled":true},"in2DMode":false,"pivot":{"x":0.16048060357570649,"y":1.6748323440551758,"z":-2.3170981407165529},"rotation":{"x":-0.05992087349295616,"y":-0.7345279455184937,"z":0.0653970018029213,"w":-0.6728179454803467},"size":3.4423463344573976,"orthographic":false}