{"cameraMode":{"drawMode":0,"name":"Shaded","section":"Shading Mode"},"sceneLighting":false,"audioPlay":false,"sceneViewState":{"m_AlwaysRefresh":false,"showFog":true,"showSkybox":false,"showFlares":true,"showImageEffects":true,"showParticleSystems":true,"showVisualEffectGraphs":true,"m_FxEnabled":true},"in2DMode":false,"pivot":{"x":-0.20586612820625306,"y":2.4858477115631105,"z":-0.6012804508209229},"rotation":{"x":-0.05992087349295616,"y":-0.7345279455184937,"z":0.0653970018029213,"w":-0.6728179454803467},"size":3.8113009929656984,"orthographic":false}