{"cameraMode":{"drawMode":0,"name":"Shaded","section":"Shading Mode"},"sceneLighting":false,"audioPlay":false,"sceneViewState":{"m_AlwaysRefresh":false,"showFog":true,"showSkybox":false,"showFlares":true,"showImageEffects":true,"showParticleSystems":true,"showVisualEffectGraphs":true,"m_FxEnabled":true},"in2DMode":false,"pivot":{"x":0.18833398818969727,"y":1.2053556442260743,"z":0.050096675753593448},"rotation":{"x":-0.05992087349295616,"y":-0.7345279455184937,"z":0.0653970018029213,"w":-0.6728179454803467},"size":2.81516695022583,"orthographic":false}